question, answer
Apa itu HMIF?,HMIF adalah Himpunan Mahasiswa Informatika yang menjadi wadah organisasi mahasiswa Program Studi Informatika.
Apa tujuan utama HMIF?,Tujuan HMIF adalah mewadahi aspirasi serta pengembangan akademik dan non akademik mahasiswa Informatika.
HMIF berperan untuk siapa?,HMIF berperan untuk seluruh mahasiswa Program Studi Informatika.
Apakah HMIF merupakan organisasi resmi?,HMIF merupakan organisasi mahasiswa resmi yang berada di lingkungan akademik program studi.
Kapan HMIF didirikan?,HMIF didirikan pada tanggal 20 februaridan diresmikan pada tanggal 20 februari 2021.
Kapan HMIF diresmikan?,HMIF diresmikan secara resmi oleh pihak institusi pada tanggal 20 februari 2021
Apa latar belakang berdirinya HMIF?,HMIF didirikan sebagai wadah untuk menyatukan mahasiswa Informatika dalam kegiatan akademik dan organisasi.
Mengapa HMIF dibentuk?,HMIF dibentuk untuk mendukung pengembangan potensi dan aspirasi mahasiswa Informatika.
HMIF berada di bawah naungan apa?,HMIF berada di bawah naungan Program Studi Informatika dan institusi pendidikan terkait.
Bagaimana status akreditasi Program Studi Informatika?,Program Studi Informatika memiliki status akreditasi yang ditetapkan oleh lembaga akreditasi nasional.
Apakah akreditasi prodi berpengaruh pada HMIF?,Akreditasi prodi berpengaruh terhadap kualitas akademik dan kegiatan kemahasiswaan termasuk HMIF.
HMIF tergabung dalam organisasi apa?,HMIF tergabung dalam organisasi perhimpunan mahasiswa informatika dan komputer nasional.
Apa itu Permikomnas? apa kepanjangan permikomas,Permikomnas adalah Perhimpunan Mahasiswa Informatika dan Komputer Nasional.
Apa tujuan Permikomnas?,Permikomnas bertujuan memperkuat jaringan dan kolaborasi mahasiswa Informatika dan Komputer di Indonesia.
Terbagi menjadi berapa wilayah di permikomnas?, Dalam pembagian wiliyah di permikomnas itu terbagi menjadi 13 wilayah.
Wilayah apa saja yang ada di permikomnas?, 1. Aceh dan Sumatra utara 2. Sumatra Barat Bengkulu Riau Kepulauan riau dan jambi 3. Sumatra Selatan dan Lampung 4. Banten 5. Jawa Barat 6. DKI Jakarta 7. Jawa Tengah 8. DI Yogykarta 9. Jawa Timur 10. Selawesi Utara Gorontalo Sulawesi Tengah Maluku Maluku Utara dan Papua 11. Sulawesi Barat Sulawesi Selatan dan Sulawesi Tenggara 12. Kalimantan 13. Bali-Nusantara
HMIF STTC berada di wilayah Permikomnas mana?,HMIF STTC berada di Wilayah V dalam struktur Permikomnas.
Apa yang dimaksud dengan Wilayah V Permikomnas?,Wilayah V Permikomnas merupakan salah satu wilayah koordinasi organisasi Permikomnas yang dimana wilayah V merukan wilayah Jawa Barat.
HMIF STTC termasuk regional apa? , HMIF STTC termasuk dalam regional Tenggara.
Apa itu regional Tenggara?,Regional Tenggara merupakan pembagian wilayah Permikomnas untuk koordinasi HMIF di daerah tertentu.
Daerah apa saja yang termasuk regional Tenggara?,Regional Tenggara mencakup wilayah Tasikmalaya Ciamis dan Garut.
HMIF STTC berasal dari wilayah mana?,HMIF STTC berasal dari wilayah Tasikmalaya dan sekitarnya.
Apa peran HMIF di tingkat regional?,HMIF berperan dalam koordinasi dan kolaborasi kegiatan mahasiswa Informatika di tingkat regional.
Apakah HMIF aktif dalam kegiatan eksternal?,Ya HMIF aktif dalam kegiatan eksternal melalui Permikomnas.
Kegiatan apa yang diikuti HMIF di Permikomnas?,HMIF mengikuti kegiatan seperti seminar musyawarah dan pelatihan tingkat regional maupun nasional.
Apa manfaat HMIF bergabung dengan Permikomnas?,Manfaatnya adalah memperluas jaringan pengalaman organisasi dan wawasan mahasiswa.
Apakah HMIF hanya aktif di internal kampus?,Tidak HMIF juga aktif dalam kegiatan eksternal dan nasional.
HMIF mendukung pengembangan apa bagi mahasiswa?,HMIF mendukung pengembangan akademik kepemimpinan dan soft skill mahasiswa.
Apa peran HMIF dalam lingkungan kampus?,HMIF berperan sebagai mitra program studi dan wadah aspirasi mahasiswa Informatika.
Bagaimana HMIF berkontribusi bagi mahasiswa?,HMIF berkontribusi melalui kegiatan akademik organisasi dan pengembangan karakter mahasiswa.
Apa Visi HMIF?, "Terwujudnya HMIF STT Cipasung sebagai ekosistem pengembangan diri yang berlandaskan kekeluargaan dan keilmuan informatika yang berdampak untuk pemnuhan kebutuhan dan aktualisasi anggota secara kolaboratif dan terbuka."
Apa MISI HMIF?, 1. Berfokus pada arah keprofesian 2. Optamalisasi sekretariat sebagai pusat ativitas 3. Meningkatkan dukungan akademik 4. Melanjutkan program kabinet sebelumnya yang relevan 5. Memperluas branding HMIF 6. Pengembangan minat dan bakat anggota untuk menunjang kebutuhan serta meningkatkan kualitas SDM
Sebutkan ketua himpunan dari periode pertama sampai sekarang?,"Haerul Febriansyah (2020-2023), Ananta sukmawinata (2023-2024), Candra Nuralim (2024-2025), Muhammad Hasbi As'ari (2025-2026)"

Kapan ulang tahun HMIF?,20 Februari
